{
    "majority_vote": {
        "true_positive": 28,
        "true_negative": 36,
        "false_positive": 8,
        "false_negative": 21,
        "total": 93,
        "precision": 0.7777777777777778,
        "recall": 0.5714285714285714,
        "accuracy": 0.6881720430107527,
        "kappa": 0.38382453735435246
    }
}